"SKU relation from","SKU relation to"
6BC45,2TK59
6BC45,2JD90
6BC45,2JD29
6BC45,2CF67
6BC45,3UK92
7BS72,5TU10
7BS72,5GF68
7BS72,3TU20
2JD90,3UK92
2JD90,2TK59
2JD90,6BC45
2JD90,1GS46
2JD90,2CF67
1GS46,3UK92
1GS46,6BC45
1GS46,2TK59
1GS46,2CF67
1GS46,2JD29
8TF72,6UK81
2TK59,2JD29
2TK59,2CF67
2TK59,1GS46
2TK59,6BC45
6UK81,8TF72
3UK92,2TK59
3UK92,1GS46
3UK92,6BC45
3UK92,2JD29
0RT28,6UK81
0RT28,8TF72
5GF68,5TU10
5GF68,3TU20
5GF68,7BS72
5TU10,4HJ92
5TU10,3TU20
5TU10,5GF68
2JD29,1GS46
2JD29,3UK92
2JD29,2TK59
2JD29,6BC45
2JD29,2CF67
2JD29,2JD90
2CF67,2TK59
2CF67,1GS46
2CF67,2JD29
2CF67,2JD90
2CF67,6BC45
3TU20,4HJ92
3TU20,7BS72
3TU20,5GF68
3TU20,5TU10
2JV62,3LV37
2JV62,7YV41
2JV62,3YB32
2JV62,8BC37
2JV62,6UB33
2JV62,5GN30
2JV62,9OK21
2JV62,4HC51
1GB82,8NN54
1GB82,9OL25
9OK21,2JV62
9OK21,8BC37
9OK21,4HC51
9OK21,3YB32
9OK21,7YV41
9OK21,5GN30
9OK21,6UB33
3YB32,4HC51
3YB32,2JV62
3YB32,3LV37
3YB32,3RE23
3YB32,9OK21
3YB32,8BC37
3YB32,6UB33
3YB32,5GN30
3YB32,7YV41
8BC37,2JV62
8BC37,7YV41
8BC37,6UB33
8BC37,3LV37
8BC37,3RE23
8BC37,3YB32
8BC37,9OK21
8BC37,4HC51
4HC51,3RE23
4HC51,5GN30
4HC51,8BC37
4HC51,2JV62
4HC51,6UB33
4HC51,3YB32
4HC51,9OK21
4HC51,3LV37
3LV37,7YV41
3LV37,2JV62
3LV37,9OK21
3LV37,4HC51
7NM98,8NN54
7NM98,1GB82
7NM98,9OL25
7YV41,8BC37
7YV41,2JV62
7YV41,3RE23
7YV41,5GN30
7YV41,3YB32
7YV41,4HC51
7YV41,9OK21
7YV41,3LV37
5GN30,4HC51
5GN30,3LV37
5GN30,6UB33
5GN30,9OK21
5GN30,3RE23
5GN30,7YV41
5GN30,3YB32
5GN30,2JV62
6UB33,3RE23
6UB33,5GN30
6UB33,3LV37
6UB33,3YB32
6UB33,7YV41
6UB33,4HC51
6UB33,2JV62
6UB33,9OK21
3RE23,3YB32
3RE23,2JV62
3RE23,4HC51
3RE23,6UB33
3RE23,7YV41
3RE23,9OK21
3RE23,5GN30
3RE23,8BC37
8NN54,7NM98
8NN54,1GB82
4KL66,3ET67
4KL66,7BS71
4KL66,5UB78
4KL66,8VS71
4KL66,8LG34
4KL66,6GH85
4KL66,3JK90
4KL66,3JK76
4KL66,5IF41
4KL66,5BM69
4KL66,6LJ54
4KL66,7NQ22
4KL66,8UF78
6LJ54,6PM40
6LJ54,6GH85
6LJ54,3JK76
6LJ54,7NQ22
6LJ54,5BM69
6LJ54,5IF41
6LJ54,7BS71
6LJ54,8VS71
6LJ54,3ET67
6LJ54,8LG34
6LJ54,4KL66
6LJ54,8UF78
6LJ54,5UB78
6LJ54,3JK90
8UF78,8LG34
8UF78,6PM40
8UF78,7NQ22
8UF78,4KL66
8UF78,3JK90
8UF78,5IF41
8UF78,6LJ54
8UF78,5UB78
8UF78,3JK76
8UF78,8VS71
8UF78,6GH85
8UF78,7BS71
5IF41,8LG34
5IF41,6PM40
5IF41,3ET67
5IF41,5BM69
5IF41,3JK76
5IF41,6GH85
5IF41,4KL66
5IF41,3JK90
5IF41,5UB78
5IF41,6LJ54
5IF41,8VS71
3JK76,3JK90
3JK76,3ET67
3JK76,5IF41
3JK76,8VS71
3JK76,7BS71
3JK76,6PM40
3JK76,4KL66
3JK76,8UF78
3JK76,6LJ54
3JK76,7NQ22
3JK76,5BM69
3JK76,8LG34
3JK76,5UB78
3JK76,6GH85
5UB78,3ET67
5UB78,5IF41
5UB78,8LG34
5UB78,5BM69
5UB78,3JK90
5UB78,4KL66
5UB78,8UF78
5UB78,8VS71
5UB78,7BS71
5UB78,3JK76
5UB78,6LJ54
6GH85,4KL66
6GH85,6PM40
6GH85,8UF78
6GH85,5UB78
6GH85,3JK90
6GH85,8VS71
6GH85,7NQ22
6GH85,3JK76
6GH85,3ET67
6GH85,8LG34
6GH85,5IF41
6GH85,6LJ54
6GH85,5BM69
6GH85,7BS71
6PM40,4KL66
6PM40,5BM69
6PM40,6LJ54
6PM40,3JK90
6PM40,3JK76
6PM40,8VS71
6PM40,7NQ22
6PM40,6GH85
6PM40,8UF78
6PM40,3ET67
6PM40,8LG34
6PM40,7BS71
6PM40,5IF41
3ET67,4KL66
3ET67,3JK90
3ET67,7NQ22
3ET67,5IF41
3ET67,8VS71
3ET67,3JK76
3ET67,5BM69
3ET67,5UB78
3ET67,8LG34
3ET67,8UF78
3ET67,6LJ54
3ET67,6PM40
3JK90,6PM40
3JK90,8LG34
3JK90,5BM69
3JK90,3JK76
3JK90,3ET67
3JK90,4KL66
3JK90,6GH85
3JK90,7NQ22
3JK90,8UF78
3JK90,7BS71
3JK90,5UB78
3JK90,5IF41
7BS71,6GH85
7BS71,3JK90
7BS71,5UB78
7BS71,4KL66
7BS71,5BM69
7BS71,8UF78
7BS71,3JK76
7BS71,6LJ54
7BS71,3ET67
7BS71,8VS71
7BS71,6PM40
5BM69,3ET67
5BM69,5IF41
5BM69,7NQ22
5BM69,6LJ54
5BM69,5UB78
5BM69,6PM40
5BM69,3JK90
5BM69,4KL66
5BM69,8LG34
5BM69,8VS71
5BM69,7BS71
5BM69,6GH85
5BM69,8UF78
8LG34,3JK76
8LG34,5UB78
8LG34,3ET67
8LG34,6PM40
8LG34,7NQ22
8LG34,7BS71
8LG34,3JK90
8LG34,6GH85
8LG34,6LJ54
8LG34,8VS71
8LG34,5IF41
8LG34,5BM69
8LG34,4KL66
8VS71,6PM40
8VS71,8LG34
8VS71,3JK90
8VS71,8UF78
8VS71,3JK76
8VS71,7BS71
8VS71,6GH85
8VS71,7NQ22
8VS71,4KL66
8VS71,3ET67
8VS71,5UB78
8VS71,6LJ54
8VS71,5IF41
1AB92,9GQ28
1AB92,2LM04
1AB92,8DO33
5TJ23,1TB10
5TJ23,2RW93
4PJ19,8DO33
4PJ19,2LM04
4PJ19,9GQ28
4PJ19,7TY55
4PJ19,6VC22
4PJ19,2WE71
2RW93,2EW02
2RW93,1TB10
8DO33,7TY55
8DO33,9GQ28
8DO33,1AB92
8DO33,4PJ19
8DO33,2WE71
8DO33,2LM04
5GE27,5XY10
5GE27,XS56
1TB10,2EW02
2LM04,8DO33
2LM04,4PJ19
2LM04,2WE71
2LM04,7TY55
2LM04,1AB92
2LM04,9GQ28
7TY55,4PJ19
7TY55,1AB92
7TY55,2WE71
7TY55,6VC22
7TY55,8DO33
7TY55,9GQ28
5XY10,5GE27
9GQ28,4PJ19
9GQ28,7TY55
9GQ28,2LM04
9GQ28,1AB92
9GQ28,6VC22
9GQ28,2WE71
2WE71,1AB92
2WE71,7TY55
2WE71,4PJ19
2WE71,8DO33
2WE71,2LM04
2WE71,9GQ28
2WE71,6VC22
6VC22,9GQ28
6VC22,2WE71
6VC22,7TY55
6VC22,8DO33
6VC22,2LM04
XS56,5XY10
4HJ92,3TU20
4HJ92,7BS72
4HJ92,5TU10
9OL25,7NM98
9OL25,8NN54
9OL25,1GB82
7NQ22,6PM40
7NQ22,8VS71
7NQ22,6LJ54
7NQ22,3ET67
7NQ22,3JK76
7NQ22,4KL66
7NQ22,7BS71
7NQ22,5UB78
7NQ22,3JK90
7NQ22,8UF78
7NQ22,8LG34
7NQ22,5BM69
7NQ22,5IF41
7NQ22,6GH85
2EW02,5TJ23
2EW02,2RW93
2EW02,1TB10
